id,timestamp,speed,density,temperature,bx,by,bz,bt,risk_level,risk_description,created_at
1,2026-01-10 16:40:00.000,470.5,7.96,34733.0,2.94,4.28,-4.29,6.74,1,LOW - Bz=-4.3nT (weak southward),2026-01-10 16:44:31
2,2026-01-10 16:44:00.000,464.6,5.88,19888.0,3.2,1.99,-6.18,7.24,1,LOW - Bz=-6.2nT (moderate southward),2026-01-10 16:47:51
3,2026-01-10 16:56:00.000,469.0,7.65,29544.0,3.05,1.65,-6.07,6.99,1,LOW - Bz=-6.1nT (moderate southward),2026-01-10 16:58:29
4,2026-01-10 17:04:00.000,468.8,8.01,22172.0,2.35,1.59,-6.95,7.51,1,LOW - Bz=-7.0nT (moderate southward),2026-01-10 17:09:06
6,2026-01-10 17:16:00.000,465.7,8.6,35694.0,2.9,1.22,-5.78,6.58,1,LOW - Bz=-5.8nT (moderate southward),2026-01-10 17:19:56
7,2026-01-10 17:28:00.000,465.5,5.44,24428.0,4.13,5.85,-2.12,7.47,1,LOW - Bz=-2.1nT (weak southward),2026-01-10 17:30:34
8,2026-01-10 17:36:00.000,470.6,8.12,44285.0,4.8,4.84,-4.27,8.04,1,LOW - Bz=-4.3nT (weak southward),2026-01-10 17:41:13
9,2026-01-10 17:48:00.000,466.2,6.8,39367.0,4.59,6.15,-3.36,8.37,1,LOW - Bz=-3.4nT (weak southward),2026-01-10 17:51:52
10,2026-01-10 18:00:00.000,466.5,6.16,29800.0,4.18,1.72,-7.1,8.42,1,LOW - Bz=-7.1nT (moderate southward),2026-01-10 18:02:32
11,2026-01-10 18:08:00.000,465.6,7.15,23597.0,2.68,6.69,-3.52,8.02,1,LOW - Bz=-3.5nT (weak southward),2026-01-10 18:13:13
12,2026-01-10 18:20:00.000,472.0,5.83,25342.0,3.1,3.81,-6.39,8.06,1,LOW - Bz=-6.4nT (moderate southward),2026-01-10 18:23:51
13,2026-01-10 18:32:00.000,460.2,6.72,34540.0,4.15,3.97,-5.54,7.98,1,LOW - Bz=-5.5nT (moderate southward),2026-01-10 18:34:30
14,2026-01-10 18:40:00.000,456.8,5.09,26877.0,4.57,2.37,-5.74,7.71,1,LOW - Bz=-5.7nT (moderate southward),2026-01-10 18:45:09
16,2026-01-10 18:52:00.000,446.7,5.06,22299.0,4.04,0.23,-6.0,7.23,1,LOW - Bz=-6.0nT (moderate southward),2026-01-10 18:56:03
17,2026-01-10 18:59:00.000,453.0,5.96,28185.0,3.16,0.82,-6.36,7.15,1,LOW - Bz=-6.4nT (moderate southward),2026-01-10 19:02:10
18,2026-01-10 19:12:00.000,458.3,6.06,42831.0,4.11,1.27,-5.17,6.72,1,LOW - Bz=-5.2nT (moderate southward),2026-01-10 19:18:07
19,2026-01-10 19:15:00.000,455.2,5.01,69593.0,4.11,1.27,-5.17,6.72,1,LOW - Bz=-5.2nT (moderate southward),2026-01-10 19:19:00
20,2026-01-10 19:18:00.000,,8.13,,4.75,1.76,-3.3,6.05,1,LOW - Bz=-3.3nT (weak southward),2026-01-10 19:21:43
21,2026-01-10 19:24:00.000,453.3,5.41,49128.0,3.04,3.87,-3.31,5.93,1,LOW - Bz=-3.3nT (weak southward),2026-01-10 19:29:35
22,2026-01-10 19:37:00.000,499.9,4.92,84858.0,-0.31,3.37,-9.22,9.82,1,LOW - Bz=-9.2nT (moderate southward),2026-01-10 19:40:16
23,2026-01-10 19:47:00.000,579.8,4.78,401848.0,-0.82,12.72,-3.81,13.3,1,"LOW - Bz=-3.8nT (weak southward), Speed=580km/s (elevated)",2026-01-10 19:50:52
24,2026-01-10 19:57:00.000,599.5,9.09,256581.0,0.34,15.02,4.15,15.58,1,LOW - Speed=600km/s (elevated),2026-01-10 20:01:30
26,2026-01-10 20:09:00.000,627.9,7.69,303911.0,-2.77,12.32,-8.01,14.95,2,"MODERATE - Bz=-8.0nT (moderate southward), Speed=628km/s (elevated)",2026-01-10 20:12:47
27,2026-01-10 20:21:00.000,613.5,5.28,473217.0,0.29,-3.45,-19.21,19.52,2,"MODERATE - Bz=-19.2nT (strong southward), Speed=614km/s (elevated)",2026-01-10 20:23:26
28,2026-01-10 20:31:00.000,553.9,3.78,133525.0,-0.91,2.13,-9.3,9.59,2,"MODERATE - Bz=-9.3nT (moderate southward), Speed=554km/s (elevated)",2026-01-10 20:34:03
29,2026-01-10 20:40:00.000,576.3,3.34,247931.0,-3.37,1.04,-10.27,10.86,2,"MODERATE - Bz=-10.3nT (strong southward), Speed=576km/s (elevated)",2026-01-10 20:44:41
30,2026-01-10 20:44:00.000,578.7,2.9,252723.0,-3.05,-0.31,-9.34,9.83,2,"MODERATE - Bz=-9.3nT (moderate southward), Speed=579km/s (elevated)",2026-01-10 20:47:37
31,2026-01-10 20:50:00.000,552.7,4.08,213567.0,-0.59,-1.84,-10.55,10.73,2,"MODERATE - Bz=-10.6nT (strong southward), Speed=553km/s (elevated)",2026-01-10 20:54:36
32,2026-01-10 21:00:00.000,581.6,5.04,275197.0,-5.09,2.9,-7.24,9.31,2,"MODERATE - Bz=-7.2nT (moderate southward), Speed=582km/s (elevated)",2026-01-10 21:05:15
33,2026-01-10 21:12:00.000,588.2,10.95,185566.0,-5.63,3.07,-6.21,8.93,2,"MODERATE - Bz=-6.2nT (moderate southward), Speed=588km/s (elevated)",2026-01-10 21:15:14
34,2026-01-10 21:22:00.000,577.6,5.78,315693.0,-1.22,-1.86,-8.71,8.99,2,"MODERATE - Bz=-8.7nT (moderate southward), Speed=578km/s (elevated)",2026-01-10 21:25:57
35,2026-01-10 21:32:00.000,563.4,4.19,158865.0,0.72,-2.51,-8.77,9.15,2,"MODERATE - Bz=-8.8nT (moderate southward), Speed=563km/s (elevated)",2026-01-10 21:36:39
36,2026-01-10 21:44:00.000,563.8,5.06,150112.0,-3.49,2.63,-9.65,10.59,2,"MODERATE - Bz=-9.7nT (moderate southward), Speed=564km/s (elevated)",2026-01-10 21:47:25
37,2026-01-10 21:47:00.000,564.7,6.17,115961.0,-5.02,0.83,-8.66,10.05,2,"MODERATE - Bz=-8.7nT (moderate southward), Speed=565km/s (elevated)",2026-01-10 21:50:43
42,2026-01-10 21:57:00.000,569.8,6.38,119819.0,5.83,-0.16,-5.39,7.94,2,"MODERATE - Bz=-5.4nT (moderate southward), Speed=570km/s (elevated)",2026-01-10 22:44:08
43,2026-01-10 22:51:00.000,553.3,8.87,142804.0,4.25,-3.91,-3.3,6.65,1,"LOW - Bz=-3.3nT (weak southward), Speed=553km/s (elevated)",2026-01-10 22:54:47
44,2026-01-10 22:59:00.000,540.8,0.4,297381.0,2.84,-1.63,-7.1,7.82,2,"MODERATE - Bz=-7.1nT (moderate southward), Speed=541km/s (elevated)",2026-01-10 23:05:26
45,2026-01-10 23:24:00.000,508.3,1.17,436376.0,2.1,-1.7,-5.51,6.14,2,"MODERATE - Bz=-5.5nT (moderate southward), Speed=508km/s (elevated)",2026-01-10 23:28:54
46,2026-01-10 23:36:00.000,521.8,1.24,273570.0,7.62,-2.84,3.04,8.69,1,LOW - Speed=522km/s (elevated),2026-01-10 23:39:34
47,2026-01-10 23:45:00.000,570.5,1.5,1276240.0,11.32,-7.63,6.88,15.29,1,LOW - Speed=570km/s (elevated),2026-01-10 23:50:32
48,2026-01-10 23:56:00.000,533.1,1.19,303027.0,7.1,-8.95,9.39,14.79,1,LOW - Speed=533km/s (elevated),2026-01-11 00:01:12
49,2026-01-11 00:08:00.000,481.6,1.07,104050.0,11.34,-4.87,7.49,14.44,0,QUIET,2026-01-11 00:11:50
50,2026-01-11 00:17:00.000,520.8,5.1,168183.0,,,,,1,LOW - Speed=521km/s (elevated),2026-01-11 00:22:28
51,2026-01-11 00:28:00.000,482.7,0.46,136487.0,9.44,-12.19,-3.31,15.77,1,LOW - Bz=-3.3nT (weak southward),2026-01-11 00:33:07
53,2026-01-11 00:48:00.000,495.4,0.37,198629.0,9.59,-12.31,-5.34,16.5,1,LOW - Bz=-5.3nT (moderate southward),2026-01-11 00:54:25
54,2026-01-11 01:00:00.000,552.9,0.91,606236.0,9.87,-12.13,-3.21,15.97,1,"LOW - Bz=-3.2nT (weak southward), Speed=553km/s (elevated)",2026-01-11 01:05:06
55,2026-01-11 01:12:00.000,478.9,0.57,147458.0,8.76,-9.93,4.71,14.05,0,QUIET,2026-01-11 01:15:45
56,2026-01-11 01:21:00.000,549.4,0.64,618265.0,8.39,-12.56,0.5,15.11,1,LOW - Speed=549km/s (elevated),2026-01-11 01:26:24
57,2026-01-11 01:25:00.000,477.5,0.38,184464.0,9.22,-11.28,2.56,14.8,0,QUIET,2026-01-11 01:37:02
58,2026-01-11 01:36:00.000,532.1,0.58,414355.0,8.28,-12.03,-1.69,14.7,1,"LOW - Bz=-1.7nT (weak southward), Speed=532km/s (elevated)",2026-01-11 01:47:40
59,2026-01-11 01:37:00.000,528.5,0.58,401405.0,8.14,-11.85,-1.31,14.43,1,"LOW - Bz=-1.3nT (weak southward), Speed=528km/s (elevated)",2026-01-11 01:58:19
60,2026-01-11 01:59:00.000,506.0,0.54,259340.0,6.95,-12.53,0.47,14.34,1,LOW - Speed=506km/s (elevated),2026-01-11 02:08:58
71,2026-01-11 00:40:00.000,530.0,4.65,187657.0,10.13,-13.01,-0.79,16.52,1,"LOW - Bz=-0.8nT (weak southward), Speed=530km/s (elevated)",2026-01-11 04:06:16
72,2026-01-11 04:14:00.000,545.3,1.47,396761.0,6.68,-9.78,1.37,11.93,1,LOW - Speed=545km/s (elevated),2026-01-11 04:17:01
73,2026-01-11 04:24:00.000,520.0,0.97,271734.0,4.07,-11.67,-5.66,13.59,2,"MODERATE - Bz=-5.7nT (moderate southward), Speed=520km/s (elevated)",2026-01-11 04:27:45
74,2026-01-11 04:34:00.000,536.0,1.26,348283.0,4.72,-11.54,-5.79,13.75,2,"MODERATE - Bz=-5.8nT (moderate southward), Speed=536km/s (elevated)",2026-01-11 04:38:28
75,2026-01-11 04:46:00.000,548.3,1.07,372045.0,4.85,-11.49,-5.69,13.71,2,"MODERATE - Bz=-5.7nT (moderate southward), Speed=548km/s (elevated)",2026-01-11 04:49:12
76,2026-01-11 04:56:00.000,525.8,1.05,357368.0,3.97,-10.55,-8.04,13.85,2,"MODERATE - Bz=-8.0nT (moderate southward), Speed=526km/s (elevated)",2026-01-11 04:59:56
77,2026-01-11 05:06:00.000,525.3,1.08,322301.0,5.75,-11.53,-4.77,13.74,1,"LOW - Bz=-4.8nT (weak southward), Speed=525km/s (elevated)",2026-01-11 05:10:40
78,2026-01-11 05:18:00.000,550.7,1.26,374992.0,2.77,-10.89,-7.85,13.71,2,"MODERATE - Bz=-7.8nT (moderate southward), Speed=551km/s (elevated)",2026-01-11 05:21:24
79,2026-01-11 05:29:00.000,557.9,1.38,400282.0,1.75,-9.98,-8.72,13.37,2,"MODERATE - Bz=-8.7nT (moderate southward), Speed=558km/s (elevated)",2026-01-11 05:32:07
80,2026-01-11 05:38:00.000,542.9,1.68,283966.0,4.71,-10.33,-7.72,13.73,2,"MODERATE - Bz=-7.7nT (moderate southward), Speed=543km/s (elevated)",2026-01-11 05:42:50
81,2026-01-11 05:50:00.000,536.2,1.49,296278.0,2.99,-9.9,-8.71,13.52,2,"MODERATE - Bz=-8.7nT (moderate southward), Speed=536km/s (elevated)",2026-01-11 05:53:34
82,2026-01-11 06:01:00.000,530.4,2.38,372716.0,8.88,-8.05,3.83,12.58,1,LOW - Speed=530km/s (elevated),2026-01-11 06:04:18
83,2026-01-11 06:23:00.000,549.9,1.83,279559.0,3.98,-9.92,-7.52,13.07,2,"MODERATE - Bz=-7.5nT (moderate southward), Speed=550km/s (elevated)",2026-01-11 06:25:41
84,2026-01-11 06:33:00.000,520.2,1.9,331226.0,7.53,-9.41,-3.0,12.42,1,"LOW - Bz=-3.0nT (weak southward), Speed=520km/s (elevated)",2026-01-11 06:36:24
85,2026-01-11 06:43:00.000,518.0,1.8,307582.0,8.74,-8.56,-0.77,12.26,1,"LOW - Bz=-0.8nT (weak southward), Speed=518km/s (elevated)",2026-01-11 06:47:07
86,2026-01-11 06:54:00.000,525.3,2.26,324080.0,8.47,-8.75,-1.09,12.23,1,"LOW - Bz=-1.1nT (weak southward), Speed=525km/s (elevated)",2026-01-11 06:57:50
87,2026-01-11 07:05:00.000,532.3,2.17,314677.0,7.65,-9.43,-2.29,12.36,1,"LOW - Bz=-2.3nT (weak southward), Speed=532km/s (elevated)",2026-01-11 07:08:33
88,2026-01-11 07:15:00.000,525.0,2.4,315801.0,8.83,-8.2,-1.06,12.09,1,"LOW - Bz=-1.1nT (weak southward), Speed=525km/s (elevated)",2026-01-11 07:19:15
93,2026-01-11 07:23:00.000,458.4,0.9,123987.0,7.81,-8.95,-2.87,12.22,1,LOW - Bz=-2.9nT (weak southward),2026-01-11 08:12:52
94,2026-01-11 08:19:00.000,517.9,2.61,270516.0,7.88,-7.98,-2.94,11.59,1,"LOW - Bz=-2.9nT (weak southward), Speed=518km/s (elevated)",2026-01-11 08:23:36
95,2026-01-11 08:31:00.000,520.0,2.24,302645.0,9.05,-6.57,0.74,11.21,1,LOW - Speed=520km/s (elevated),2026-01-11 08:34:21
96,2026-01-11 08:42:00.000,514.0,2.36,187425.0,6.2,-8.86,-4.67,11.77,1,"LOW - Bz=-4.7nT (weak southward), Speed=514km/s (elevated)",2026-01-11 08:45:05
97,2026-01-11 08:51:00.000,516.9,2.92,206969.0,6.76,-8.33,-4.14,11.5,1,"LOW - Bz=-4.1nT (weak southward), Speed=517km/s (elevated)",2026-01-11 08:55:48
98,2026-01-11 09:03:00.000,530.3,2.47,235408.0,5.64,-8.79,-4.37,11.32,1,"LOW - Bz=-4.4nT (weak southward), Speed=530km/s (elevated)",2026-01-11 09:06:32
99,2026-01-11 09:14:00.000,512.0,1.76,227663.0,5.91,-8.87,-4.12,11.43,1,"LOW - Bz=-4.1nT (weak southward), Speed=512km/s (elevated)",2026-01-11 09:17:18
100,2026-01-11 09:23:00.000,527.0,2.12,233560.0,4.62,-9.88,-4.23,11.7,1,"LOW - Bz=-4.2nT (weak southward), Speed=527km/s (elevated)",2026-01-11 09:28:00
101,2026-01-11 09:35:00.000,539.5,2.87,189190.0,4.17,-8.98,-5.35,11.26,2,"MODERATE - Bz=-5.3nT (moderate southward), Speed=540km/s (elevated)",2026-01-11 09:38:43
102,2026-01-11 09:43:00.000,541.9,2.75,192696.0,5.24,-8.13,-5.86,11.31,2,"MODERATE - Bz=-5.9nT (moderate southward), Speed=542km/s (elevated)",2026-01-11 09:49:27
103,2026-01-11 09:57:00.000,520.1,1.91,175700.0,4.97,-9.21,-5.06,11.63,2,"MODERATE - Bz=-5.1nT (moderate southward), Speed=520km/s (elevated)",2026-01-11 10:00:12
104,2026-01-11 10:08:00.000,543.8,3.07,177603.0,4.47,-8.58,-5.2,10.98,2,"MODERATE - Bz=-5.2nT (moderate southward), Speed=544km/s (elevated)",2026-01-11 10:10:55
105,2026-01-11 10:18:00.000,535.2,3.06,241168.0,5.38,-7.0,-5.98,10.66,2,"MODERATE - Bz=-6.0nT (moderate southward), Speed=535km/s (elevated)",2026-01-11 10:21:39
106,2026-01-11 10:29:00.000,529.9,2.76,198531.0,4.93,-7.81,-5.76,10.88,2,"MODERATE - Bz=-5.8nT (moderate southward), Speed=530km/s (elevated)",2026-01-11 10:32:22
107,2026-01-11 10:40:00.000,536.5,3.57,173149.0,4.89,-7.24,-6.06,10.63,2,"MODERATE - Bz=-6.1nT (moderate southward), Speed=536km/s (elevated)",2026-01-11 10:43:06
108,2026-01-11 10:50:00.000,536.9,3.78,150476.0,5.0,-7.15,-5.61,10.37,2,"MODERATE - Bz=-5.6nT (moderate southward), Speed=537km/s (elevated)",2026-01-11 10:53:49
109,2026-01-11 11:01:00.000,543.2,4.69,120886.0,3.06,-8.51,-5.33,10.49,2,"MODERATE - Bz=-5.3nT (moderate southward), Speed=543km/s (elevated)",2026-01-11 11:04:31
110,2026-01-11 11:12:00.000,544.7,4.52,124502.0,2.61,-8.2,-5.81,10.38,2,"MODERATE - Bz=-5.8nT (moderate southward), Speed=545km/s (elevated)",2026-01-11 11:15:16
111,2026-01-11 11:22:00.000,538.3,3.7,132165.0,2.83,-8.13,-6.22,10.62,2,"MODERATE - Bz=-6.2nT (moderate southward), Speed=538km/s (elevated)",2026-01-11 11:26:00
112,2026-01-11 11:33:00.000,539.8,3.25,152401.0,2.83,-7.37,-6.61,10.29,2,"MODERATE - Bz=-6.6nT (moderate southward), Speed=540km/s (elevated)",2026-01-11 11:36:41
113,2026-01-11 11:44:00.000,540.2,3.42,145110.0,3.09,-7.37,-6.09,10.05,2,"MODERATE - Bz=-6.1nT (moderate southward), Speed=540km/s (elevated)",2026-01-11 11:47:22
114,2026-01-11 11:55:00.000,544.8,3.61,138342.0,3.22,-7.17,-6.07,9.93,2,"MODERATE - Bz=-6.1nT (moderate southward), Speed=545km/s (elevated)",2026-01-11 11:58:03
115,2026-01-11 11:58:00.000,541.3,2.75,189642.0,3.46,-7.19,-6.38,10.22,2,"MODERATE - Bz=-6.4nT (moderate southward), Speed=541km/s (elevated)",2026-01-11 12:00:56
116,2026-01-11 12:05:00.000,533.3,2.77,173298.0,3.56,-6.9,-6.57,10.17,2,"MODERATE - Bz=-6.6nT (moderate southward), Speed=533km/s (elevated)",2026-01-11 12:09:18
117,2026-01-11 12:16:00.000,518.5,2.96,133716.0,-0.95,-8.78,-5.29,10.3,2,"MODERATE - Bz=-5.3nT (moderate southward), Speed=518km/s (elevated)",2026-01-11 12:19:29
118,2026-01-11 12:21:00.000,544.1,3.88,156261.0,3.62,-6.88,-5.97,9.8,2,"MODERATE - Bz=-6.0nT (moderate southward), Speed=544km/s (elevated)",2026-01-11 12:24:16
119,2026-01-11 12:31:00.000,531.6,2.26,196416.0,3.63,-5.93,-7.21,10.01,2,"MODERATE - Bz=-7.2nT (moderate southward), Speed=532km/s (elevated)",2026-01-11 12:34:05
120,2026-01-11 12:39:00.000,532.7,3.43,174862.0,,,,,1,LOW - Speed=533km/s (elevated),2026-01-11 12:42:10
121,2026-01-11 12:42:00.000,512.6,5.09,87212.0,-0.63,-6.85,-6.81,9.68,2,"MODERATE - Bz=-6.8nT (moderate southward), Speed=513km/s (elevated)",2026-01-11 12:44:50
122,2026-01-11 12:48:00.000,524.6,6.12,134228.0,-2.76,-5.79,-6.91,9.43,2,"MODERATE - Bz=-6.9nT (moderate southward), Speed=525km/s (elevated)",2026-01-11 12:51:25
123,2026-01-11 12:51:00.000,527.9,5.52,95329.0,-0.13,-5.42,-7.9,9.58,2,"MODERATE - Bz=-7.9nT (moderate southward), Speed=528km/s (elevated)",2026-01-11 12:55:01
125,2026-01-11 12:56:00.000,519.1,2.93,148726.0,1.09,-5.05,-8.5,9.95,2,"MODERATE - Bz=-8.5nT (moderate southward), Speed=519km/s (elevated)",2026-01-11 12:59:08
126,2026-01-11 13:01:00.000,497.7,2.94,73724.0,-0.56,-5.14,-8.55,9.99,1,LOW - Bz=-8.6nT (moderate southward),2026-01-11 13:04:41
127,2026-01-11 13:06:00.000,479.5,2.75,207149.0,-0.75,-4.72,-8.75,9.97,1,LOW - Bz=-8.8nT (moderate southward),2026-01-11 13:08:53
128,2026-01-11 13:07:00.000,496.3,2.77,228978.0,-1.44,-4.89,-8.55,9.95,1,LOW - Bz=-8.6nT (moderate southward),2026-01-11 13:09:54
129,2026-01-11 13:17:00.000,518.4,5.48,130296.0,-4.81,-6.95,-5.37,10.02,2,"MODERATE - Bz=-5.4nT (moderate southward), Speed=518km/s (elevated)",2026-01-11 13:20:17
130,2026-01-11 13:28:00.000,506.3,6.82,97285.0,-3.28,-5.56,-6.72,9.32,2,"MODERATE - Bz=-6.7nT (moderate southward), Speed=506km/s (elevated)",2026-01-11 13:30:40
131,2026-01-11 13:42:00.000,535.3,7.09,114076.0,-0.99,-4.2,-8.11,9.19,2,"MODERATE - Bz=-8.1nT (moderate southward), Speed=535km/s (elevated)",2026-01-11 13:44:43
132,2026-01-11 13:44:00.000,525.5,5.29,122149.0,-1.13,-6.03,-7.85,9.97,2,"MODERATE - Bz=-7.8nT (moderate southward), Speed=526km/s (elevated)",2026-01-11 13:46:16
133,2026-01-11 13:52:00.000,506.1,5.88,86482.0,-1.93,-4.85,-8.1,9.64,2,"MODERATE - Bz=-8.1nT (moderate southward), Speed=506km/s (elevated)",2026-01-11 13:55:17
134,2026-01-11 14:02:00.000,527.6,2.9,145652.0,-1.11,-5.13,-8.79,10.24,2,"MODERATE - Bz=-8.8nT (moderate southward), Speed=528km/s (elevated)",2026-01-11 14:05:35
135,2026-01-11 14:07:00.000,534.8,4.09,140841.0,-2.77,-2.19,-9.24,9.89,2,"MODERATE - Bz=-9.2nT (moderate southward), Speed=535km/s (elevated)",2026-01-11 14:10:13
136,2026-01-11 14:13:00.000,471.0,2.9,59226.0,0.31,-5.66,-8.94,10.58,1,LOW - Bz=-8.9nT (moderate southward),2026-01-11 14:16:56
137,2026-01-11 14:18:00.000,523.1,3.22,155848.0,0.42,-3.43,-9.79,10.39,2,"MODERATE - Bz=-9.8nT (moderate southward), Speed=523km/s (elevated)",2026-01-11 14:20:32
138,2026-01-11 14:20:00.000,612.0,9.25,407304.0,0.54,-4.71,-9.13,10.29,2,"MODERATE - Bz=-9.1nT (moderate southward), Speed=612km/s (elevated)",2026-01-11 14:23:11
139,2026-01-11 14:30:00.000,516.8,2.15,135927.0,0.12,-5.0,-9.35,10.61,2,"MODERATE - Bz=-9.3nT (moderate southward), Speed=517km/s (elevated)",2026-01-11 14:33:30
140,2026-01-11 14:40:00.000,538.1,2.19,196780.0,-2.57,-3.05,-10.26,11.01,2,"MODERATE - Bz=-10.3nT (strong southward), Speed=538km/s (elevated)",2026-01-11 14:43:52
141,2026-01-11 14:47:00.000,516.3,1.89,89183.0,-1.48,-3.45,-10.24,10.9,2,"MODERATE - Bz=-10.2nT (strong southward), Speed=516km/s (elevated)",2026-01-11 14:54:13
142,2026-01-11 14:59:00.000,505.3,1.7,82798.0,-0.94,-5.32,-9.28,10.74,2,"MODERATE - Bz=-9.3nT (moderate southward), Speed=505km/s (elevated)",2026-01-11 15:04:34
143,2026-01-11 15:10:00.000,513.3,1.82,105220.0,-1.86,-1.7,-10.47,10.76,2,"MODERATE - Bz=-10.5nT (strong southward), Speed=513km/s (elevated)",2026-01-11 15:14:55
144,2026-01-11 15:22:00.000,509.0,1.77,154507.0,-0.62,-3.36,-9.85,10.43,2,"MODERATE - Bz=-9.8nT (moderate southward), Speed=509km/s (elevated)",2026-01-11 15:25:16
145,2026-01-11 15:33:00.000,526.2,2.94,177025.0,-1.0,-3.54,-9.77,10.44,2,"MODERATE - Bz=-9.8nT (moderate southward), Speed=526km/s (elevated)",2026-01-11 15:35:36
146,2026-01-11 15:41:00.000,532.9,3.27,126111.0,-0.85,-2.51,-10.21,10.55,2,"MODERATE - Bz=-10.2nT (strong southward), Speed=533km/s (elevated)",2026-01-11 15:45:54
147,2026-01-11 15:54:00.000,515.2,1.91,169217.0,-1.02,-2.88,-10.2,10.65,2,"MODERATE - Bz=-10.2nT (strong southward), Speed=515km/s (elevated)",2026-01-11 15:56:14
148,2026-01-11 16:03:00.000,499.3,1.79,118713.0,-0.26,-2.44,-9.91,10.21,1,LOW - Bz=-9.9nT (moderate southward),2026-01-11 16:06:37
149,2026-01-11 16:12:00.000,495.2,3.01,89751.0,-0.17,-2.75,-9.91,10.29,1,LOW - Bz=-9.9nT (moderate southward),2026-01-11 16:16:58
150,2026-01-11 16:24:00.000,519.4,4.56,105659.0,-2.83,1.25,-10.18,10.64,2,"MODERATE - Bz=-10.2nT (strong southward), Speed=519km/s (elevated)",2026-01-11 16:27:18
151,2026-01-11 16:34:00.000,509.0,5.85,66952.0,-1.02,-0.89,-8.4,8.51,2,"MODERATE - Bz=-8.4nT (moderate southward), Speed=509km/s (elevated)",2026-01-11 16:37:38
152,2026-01-11 16:44:00.000,504.3,5.99,61730.0,0.05,-0.74,-6.1,6.14,2,"MODERATE - Bz=-6.1nT (moderate southward), Speed=504km/s (elevated)",2026-01-11 16:47:57
153,2026-01-11 16:55:00.000,506.0,8.39,39160.0,3.83,-4.42,-4.33,7.27,1,"LOW - Bz=-4.3nT (weak southward), Speed=506km/s (elevated)",2026-01-11 16:58:15
154,2026-01-11 17:05:00.000,519.7,11.02,58275.0,1.82,-1.78,-6.26,6.76,2,"MODERATE - Bz=-6.3nT (moderate southward), Speed=520km/s (elevated)",2026-01-11 17:08:36
155,2026-01-11 17:15:00.000,521.4,9.66,53849.0,2.04,-2.73,-4.77,5.86,1,"LOW - Bz=-4.8nT (weak southward), Speed=521km/s (elevated)",2026-01-11 17:18:57
156,2026-01-11 17:26:00.000,533.2,3.28,29209.0,5.08,-5.21,-2.24,7.62,1,"LOW - Bz=-2.2nT (weak southward), Speed=533km/s (elevated)",2026-01-11 17:29:16
157,2026-01-11 17:36:00.000,535.7,3.44,26247.0,5.1,-5.94,-0.73,7.86,1,"LOW - Bz=-0.7nT (weak southward), Speed=536km/s (elevated)",2026-01-11 17:39:36
158,2026-01-11 17:46:00.000,533.7,2.63,29732.0,4.74,-7.21,-3.15,9.19,1,"LOW - Bz=-3.1nT (weak southward), Speed=534km/s (elevated)",2026-01-11 17:49:59
159,2026-01-11 17:55:00.000,529.2,2.22,16957.0,5.42,-6.13,-3.62,8.95,1,"LOW - Bz=-3.6nT (weak southward), Speed=529km/s (elevated)",2026-01-11 18:00:17
160,2026-01-11 18:07:00.000,524.0,1.94,28706.0,4.54,-6.17,-4.15,8.72,1,"LOW - Bz=-4.2nT (weak southward), Speed=524km/s (elevated)",2026-01-11 18:10:35
161,2026-01-11 18:16:00.000,528.6,1.86,48324.0,3.91,-6.07,-4.91,8.73,1,"LOW - Bz=-4.9nT (weak southward), Speed=529km/s (elevated)",2026-01-11 18:20:53
162,2026-01-11 18:26:00.000,534.5,1.65,31034.0,4.38,-7.23,-3.32,9.08,1,"LOW - Bz=-3.3nT (weak southward), Speed=534km/s (elevated)",2026-01-11 18:31:11
163,2026-01-11 18:38:00.000,524.2,2.88,23453.0,2.7,-1.64,-9.4,9.92,2,"MODERATE - Bz=-9.4nT (moderate southward), Speed=524km/s (elevated)",2026-01-11 18:41:31
164,2026-01-11 18:47:00.000,530.3,2.9,27511.0,3.97,-1.47,-4.87,6.45,1,"LOW - Bz=-4.9nT (weak southward), Speed=530km/s (elevated)",2026-01-11 18:51:48
165,2026-01-11 18:53:00.000,546.0,3.65,44688.0,4.43,-0.93,-3.41,5.67,1,"LOW - Bz=-3.4nT (weak southward), Speed=546km/s (elevated)",2026-01-11 19:02:06
166,2026-01-11 19:09:00.000,552.4,2.83,98321.0,4.62,-0.76,-3.72,5.98,1,"LOW - Bz=-3.7nT (weak southward), Speed=552km/s (elevated)",2026-01-11 19:12:25
167,2026-01-11 19:19:00.000,539.9,2.68,32270.0,5.56,0.16,-2.05,5.92,1,"LOW - Bz=-2.0nT (weak southward), Speed=540km/s (elevated)",2026-01-11 19:22:44
168,2026-01-11 19:29:00.000,491.8,0.98,28792.0,3.95,-0.56,-0.04,3.99,1,LOW - Bz=-0.0nT (weak southward),2026-01-11 19:33:03
169,2026-01-11 19:35:00.000,550.7,2.54,24305.0,4.01,-1.24,-3.1,5.22,1,"LOW - Bz=-3.1nT (weak southward), Speed=551km/s (elevated)",2026-01-11 19:43:21
170,2026-01-11 19:46:00.000,527.3,3.38,36215.0,3.69,0.89,-2.55,4.57,1,"LOW - Bz=-2.5nT (weak southward), Speed=527km/s (elevated)",2026-01-11 19:53:41
171,2026-01-11 19:59:00.000,516.8,1.92,64448.0,8.95,-0.53,-3.3,9.55,1,"LOW - Bz=-3.3nT (weak southward), Speed=517km/s (elevated)",2026-01-11 20:03:00
172,2026-01-11 20:10:00.000,533.3,2.34,37660.0,4.94,-4.74,-5.97,9.08,2,"MODERATE - Bz=-6.0nT (moderate southward), Speed=533km/s (elevated)",2026-01-11 20:13:17
173,2026-01-11 20:19:00.000,539.2,2.24,25538.0,5.16,-4.35,-6.62,9.45,2,"MODERATE - Bz=-6.6nT (moderate southward), Speed=539km/s (elevated)",2026-01-11 20:23:35
174,2026-01-11 20:30:00.000,533.8,2.45,34218.0,5.28,-2.21,-7.33,9.3,2,"MODERATE - Bz=-7.3nT (moderate southward), Speed=534km/s (elevated)",2026-01-11 20:33:54
175,2026-01-11 20:38:00.000,542.0,0.89,62208.0,4.87,-4.59,-6.43,9.29,2,"MODERATE - Bz=-6.4nT (moderate southward), Speed=542km/s (elevated)",2026-01-11 20:41:11
176,2026-01-11 20:48:00.000,527.3,2.24,20334.0,4.65,-1.56,-7.93,9.32,2,"MODERATE - Bz=-7.9nT (moderate southward), Speed=527km/s (elevated)",2026-01-11 20:51:28
177,2026-01-11 20:50:00.000,544.9,0.26,25228.0,0.61,-9.87,-1.97,10.08,1,"LOW - Bz=-2.0nT (weak southward), Speed=545km/s (elevated)",2026-01-11 20:53:35
178,2026-01-11 20:54:00.000,535.6,1.87,19684.0,2.55,-7.3,-5.76,9.64,2,"MODERATE - Bz=-5.8nT (moderate southward), Speed=536km/s (elevated)",2026-01-11 20:57:14
180,2026-01-11 21:02:00.000,533.6,1.59,36675.0,4.75,-5.16,-5.52,8.93,2,"MODERATE - Bz=-5.5nT (moderate southward), Speed=534km/s (elevated)",2026-01-11 21:05:30
181,2026-01-11 21:04:00.000,527.0,1.56,34611.0,4.2,-4.35,-6.33,8.76,2,"MODERATE - Bz=-6.3nT (moderate southward), Speed=527km/s (elevated)",2026-01-11 21:07:31
182,2026-01-11 21:14:00.000,,,,3.64,-6.84,-4.73,9.08,1,LOW - Bz=-4.7nT (weak southward),2026-01-11 21:17:47
183,2026-01-11 21:25:00.000,546.0,2.13,41981.0,3.5,-6.83,-4.86,9.09,1,"LOW - Bz=-4.9nT (weak southward), Speed=546km/s (elevated)",2026-01-11 21:28:04
184,2026-01-11 21:35:00.000,543.3,0.82,39402.0,2.71,-7.38,-5.11,9.37,2,"MODERATE - Bz=-5.1nT (moderate southward), Speed=543km/s (elevated)",2026-01-11 21:38:23
185,2026-01-11 21:45:00.000,554.3,1.82,23974.0,1.82,-4.81,-7.22,8.86,2,"MODERATE - Bz=-7.2nT (moderate southward), Speed=554km/s (elevated)",2026-01-11 21:48:42
186,2026-01-11 21:57:00.000,540.6,1.68,40824.0,4.05,-5.02,-5.81,8.68,2,"MODERATE - Bz=-5.8nT (moderate southward), Speed=541km/s (elevated)",2026-01-11 21:59:03
187,2026-01-11 22:06:00.000,526.3,0.68,46485.0,3.7,-4.52,-6.25,8.56,2,"MODERATE - Bz=-6.2nT (moderate southward), Speed=526km/s (elevated)",2026-01-11 22:09:22
188,2026-01-11 22:16:00.000,538.4,1.71,49343.0,3.47,-3.8,-6.75,8.49,2,"MODERATE - Bz=-6.8nT (moderate southward), Speed=538km/s (elevated)",2026-01-11 22:19:41
189,2026-01-11 22:27:00.000,540.7,0.46,85914.0,3.85,-6.55,-4.21,8.69,1,"LOW - Bz=-4.2nT (weak southward), Speed=541km/s (elevated)",2026-01-11 22:30:21
190,2026-01-11 22:36:00.000,522.0,0.95,80157.0,5.98,-4.25,-3.82,8.27,1,"LOW - Bz=-3.8nT (weak southward), Speed=522km/s (elevated)",2026-01-11 22:40:40
191,2026-01-11 22:48:00.000,524.6,1.59,58223.0,6.26,-0.5,-5.28,8.2,2,"MODERATE - Bz=-5.3nT (moderate southward), Speed=525km/s (elevated)",2026-01-11 22:50:59
192,2026-01-11 22:56:00.000,525.6,1.42,116364.0,6.35,3.09,-3.18,7.74,1,"LOW - Bz=-3.2nT (weak southward), Speed=526km/s (elevated)",2026-01-11 23:01:19
193,2026-01-11 23:08:00.000,547.1,0.51,73814.0,1.99,-6.07,-5.58,8.48,2,"MODERATE - Bz=-5.6nT (moderate southward), Speed=547km/s (elevated)",2026-01-11 23:11:38
194,2026-01-11 23:17:00.000,532.6,1.56,57199.0,2.61,-4.9,-5.98,8.16,2,"MODERATE - Bz=-6.0nT (moderate southward), Speed=533km/s (elevated)",2026-01-11 23:22:02
195,2026-01-11 23:28:00.000,536.9,0.91,75042.0,3.17,-4.72,-5.35,7.8,2,"MODERATE - Bz=-5.3nT (moderate southward), Speed=537km/s (elevated)",2026-01-11 23:32:18
196,2026-01-11 23:39:00.000,545.8,0.71,107731.0,3.5,-4.95,-4.62,7.62,1,"LOW - Bz=-4.6nT (weak southward), Speed=546km/s (elevated)",2026-01-11 23:42:35
197,2026-01-11 23:49:00.000,520.6,1.04,67244.0,3.36,-4.7,-4.77,7.5,1,"LOW - Bz=-4.8nT (weak southward), Speed=521km/s (elevated)",2026-01-11 23:53:11
198,2026-01-12 00:00:00.000,545.3,0.58,114592.0,3.99,-4.96,-4.08,7.56,1,"LOW - Bz=-4.1nT (weak southward), Speed=545km/s (elevated)",2026-01-12 00:03:30
199,2026-01-12 00:09:00.000,541.6,0.62,78843.0,4.48,-5.28,-2.93,7.52,1,"LOW - Bz=-2.9nT (weak southward), Speed=542km/s (elevated)",2026-01-12 00:13:48
201,2026-01-12 00:20:00.000,545.7,0.32,326058.0,4.27,-4.67,-3.16,7.07,1,"LOW - Bz=-3.2nT (weak southward), Speed=546km/s (elevated)",2026-01-12 00:34:20
217,2026-01-11 22:31:00.000,551.9,8.25,400488.0,3.5,-8.18,-2.61,9.28,1,"LOW - Bz=-2.6nT (weak southward), Speed=552km/s (elevated)",2026-01-12 03:18:43
218,2026-01-12 03:24:00.000,530.6,1.04,86522.0,3.43,4.76,-3.4,6.78,1,"LOW - Bz=-3.4nT (weak southward), Speed=531km/s (elevated)",2026-01-12 03:29:00
219,2026-01-12 03:36:00.000,546.6,1.07,102214.0,2.18,5.75,-3.21,6.93,1,"LOW - Bz=-3.2nT (weak southward), Speed=547km/s (elevated)",2026-01-12 03:39:17
220,2026-01-12 03:45:00.000,525.3,0.92,92114.0,3.96,4.59,-2.75,6.66,1,"LOW - Bz=-2.8nT (weak southward), Speed=525km/s (elevated)",2026-01-12 03:49:34
221,2026-01-12 03:56:00.000,531.6,1.16,82295.0,3.33,4.53,-3.54,6.65,1,"LOW - Bz=-3.5nT (weak southward), Speed=532km/s (elevated)",2026-01-12 03:59:51
222,2026-01-12 04:05:00.000,535.6,0.91,102062.0,3.04,6.23,0.5,6.95,1,LOW - Speed=536km/s (elevated),2026-01-12 04:10:08
223,2026-01-12 04:16:00.000,538.5,1.04,82392.0,2.51,5.73,-3.01,6.94,1,"LOW - Bz=-3.0nT (weak southward), Speed=538km/s (elevated)",2026-01-12 04:20:25
224,2026-01-12 04:27:00.000,534.4,0.93,74142.0,3.48,4.74,-3.68,6.93,1,"LOW - Bz=-3.7nT (weak southward), Speed=534km/s (elevated)",2026-01-12 04:30:42
225,2026-01-12 04:37:00.000,533.5,0.9,85121.0,3.16,5.34,-3.4,7.07,1,"LOW - Bz=-3.4nT (weak southward), Speed=534km/s (elevated)",2026-01-12 04:40:59
226,2026-01-12 04:47:00.000,532.7,0.99,88841.0,3.29,4.74,-2.99,6.5,1,"LOW - Bz=-3.0nT (weak southward), Speed=533km/s (elevated)",2026-01-12 04:51:16
227,2026-01-12 04:57:00.000,523.4,1.09,70460.0,3.77,4.19,-3.3,6.53,1,"LOW - Bz=-3.3nT (weak southward), Speed=523km/s (elevated)",2026-01-12 05:01:34
228,2026-01-12 05:07:00.000,503.4,1.34,58426.0,4.56,1.99,-3.55,6.11,1,"LOW - Bz=-3.5nT (weak southward), Speed=503km/s (elevated)",2026-01-12 05:11:51
229,2026-01-12 05:19:00.000,529.8,0.44,131379.0,4.05,-4.16,-3.28,6.67,1,"LOW - Bz=-3.3nT (weak southward), Speed=530km/s (elevated)",2026-01-12 05:22:09
230,2026-01-12 05:28:00.000,514.7,1.97,91564.0,5.51,-2.85,-1.72,6.44,1,"LOW - Bz=-1.7nT (weak southward), Speed=515km/s (elevated)",2026-01-12 05:32:26
231,2026-01-12 05:38:00.000,504.8,1.9,84245.0,5.07,-1.62,-3.53,6.39,1,"LOW - Bz=-3.5nT (weak southward), Speed=505km/s (elevated)",2026-01-12 05:42:42
232,2026-01-12 05:48:00.000,513.1,1.27,111309.0,5.59,0.4,-2.44,6.11,1,"LOW - Bz=-2.4nT (weak southward), Speed=513km/s (elevated)",2026-01-12 05:52:58
233,2026-01-12 06:00:00.000,502.4,1.28,147961.0,5.3,2.36,-1.81,6.08,1,"LOW - Bz=-1.8nT (weak southward), Speed=502km/s (elevated)",2026-01-12 06:03:16
234,2026-01-12 06:09:00.000,503.3,1.92,115020.0,5.05,-1.12,-2.66,5.82,1,"LOW - Bz=-2.7nT (weak southward), Speed=503km/s (elevated)",2026-01-12 06:13:32
235,2026-01-12 06:20:00.000,546.1,0.37,91418.0,2.36,-5.65,-3.34,6.97,1,"LOW - Bz=-3.3nT (weak southward), Speed=546km/s (elevated)",2026-01-12 06:23:49
236,2026-01-12 06:31:00.000,516.1,1.77,82936.0,4.26,-2.43,-4.61,6.73,1,"LOW - Bz=-4.6nT (weak southward), Speed=516km/s (elevated)",2026-01-12 06:34:06
237,2026-01-12 06:40:00.000,565.8,0.3,86268.0,3.29,-5.76,-2.26,7.01,1,"LOW - Bz=-2.3nT (weak southward), Speed=566km/s (elevated)",2026-01-12 06:44:23
238,2026-01-12 06:51:00.000,518.0,1.8,69222.0,3.92,-2.18,-4.95,6.68,1,"LOW - Bz=-5.0nT (weak southward), Speed=518km/s (elevated)",2026-01-12 06:54:41
239,2026-01-12 07:01:00.000,517.7,1.44,94371.0,,,,,1,LOW - Speed=518km/s (elevated),2026-01-12 07:04:58
240,2026-01-12 07:12:00.000,510.3,0.96,215275.0,4.75,-0.86,-4.47,6.57,1,"LOW - Bz=-4.5nT (weak southward), Speed=510km/s (elevated)",2026-01-12 07:15:12
241,2026-01-12 07:21:00.000,496.6,1.96,134906.0,3.95,-4.78,-3.74,7.24,1,LOW - Bz=-3.7nT (weak southward),2026-01-12 07:25:26
245,2026-01-12 07:23:00.000,511.1,0.83,143315.0,4.51,-4.95,-1.37,6.84,1,"LOW - Bz=-1.4nT (weak southward), Speed=511km/s (elevated)",2026-01-12 08:06:22
246,2026-01-12 08:12:00.000,530.3,0.35,92202.0,4.58,-5.23,-0.64,6.98,1,"LOW - Bz=-0.6nT (weak southward), Speed=530km/s (elevated)",2026-01-12 08:16:39
247,2026-01-12 08:22:00.000,500.9,0.27,66512.0,3.14,-6.69,0.3,7.4,1,LOW - Speed=501km/s (elevated),2026-01-12 08:26:56
248,2026-01-12 08:33:00.000,496.9,0.82,58980.0,2.55,-8.22,1.54,8.75,0,QUIET,2026-01-12 08:37:12
249,2026-01-12 08:44:00.000,522.7,0.38,56322.0,2.09,-7.19,2.16,7.8,1,LOW - Speed=523km/s (elevated),2026-01-12 08:47:30
250,2026-01-12 08:56:00.000,504.4,1.83,74070.0,4.59,-5.11,-2.49,7.31,1,"LOW - Bz=-2.5nT (weak southward), Speed=504km/s (elevated)",2026-01-12 08:57:48
251,2026-01-12 09:04:00.000,515.3,0.86,63083.0,3.55,-6.5,-0.04,7.4,1,"LOW - Bz=-0.0nT (weak southward), Speed=515km/s (elevated)",2026-01-12 09:08:06
252,2026-01-12 09:15:00.000,519.4,1.31,66228.0,3.43,-6.23,-1.83,7.35,1,"LOW - Bz=-1.8nT (weak southward), Speed=519km/s (elevated)",2026-01-12 09:18:23
253,2026-01-12 09:25:00.000,496.3,1.76,72141.0,4.89,-4.78,-1.7,7.05,1,LOW - Bz=-1.7nT (weak southward),2026-01-12 09:28:41
255,2026-01-12 09:33:00.000,545.0,0.58,73876.0,0.31,-6.53,2.42,6.97,1,LOW - Speed=545km/s (elevated),2026-01-12 09:49:16
256,2026-01-12 09:55:00.000,474.5,1.93,71738.0,5.67,-4.87,0.73,7.51,0,QUIET,2026-01-12 09:59:33
257,2026-01-12 10:05:00.000,565.2,0.25,50864.0,-0.37,-6.02,6.21,8.66,1,LOW - Speed=565km/s (elevated),2026-01-12 10:09:50
258,2026-01-12 10:16:00.000,552.2,0.22,58106.0,1.68,-7.07,3.89,8.25,1,LOW - Speed=552km/s (elevated),2026-01-12 10:20:06
259,2026-01-12 10:24:00.000,537.2,1.62,56670.0,2.05,-6.54,-3.97,7.92,1,"LOW - Bz=-4.0nT (weak southward), Speed=537km/s (elevated)",2026-01-12 10:30:23
260,2026-01-12 10:36:00.000,502.3,1.33,68249.0,4.76,-6.26,-0.59,7.89,1,"LOW - Bz=-0.6nT (weak southward), Speed=502km/s (elevated)",2026-01-12 10:40:40
261,2026-01-12 10:48:00.000,495.3,0.79,61200.0,4.65,-6.22,2.73,8.23,0,QUIET,2026-01-12 10:51:17
262,2026-01-12 10:57:00.000,501.9,0.56,76712.0,3.19,-3.37,6.0,7.58,1,LOW - Speed=502km/s (elevated),2026-01-12 11:01:33
263,2026-01-12 11:08:00.000,506.4,0.39,74071.0,3.03,-4.14,5.63,7.62,1,LOW - Speed=506km/s (elevated),2026-01-12 11:11:50
264,2026-01-12 11:20:00.000,514.5,0.12,59126.0,2.82,-4.53,4.66,7.08,1,LOW - Speed=514km/s (elevated),2026-01-12 11:22:08
265,2026-01-12 11:28:00.000,580.0,1.33,79696.0,-0.3,-4.73,6.76,8.26,1,LOW - Speed=580km/s (elevated),2026-01-12 11:32:25
266,2026-01-12 11:39:00.000,549.8,0.46,86621.0,1.03,-8.53,2.78,9.03,1,LOW - Speed=550km/s (elevated),2026-01-12 11:42:42
267,2026-01-12 11:47:00.000,574.8,0.33,81044.0,-2.58,-4.99,3.02,6.38,1,LOW - Speed=575km/s (elevated),2026-01-12 11:52:59
268,2026-01-12 12:00:00.000,568.0,0.45,50094.0,-1.7,-4.67,-0.85,5.04,1,"LOW - Bz=-0.8nT (weak southward), Speed=568km/s (elevated)",2026-01-12 12:03:17
269,2026-01-12 12:11:00.000,542.1,1.76,80369.0,-0.17,-3.05,-4.25,5.23,1,"LOW - Bz=-4.2nT (weak southward), Speed=542km/s (elevated)",2026-01-12 12:13:34
270,2026-01-12 12:19:00.000,559.0,0.59,75080.0,-0.88,-4.72,0.06,4.8,1,LOW - Speed=559km/s (elevated),2026-01-12 12:23:51
271,2026-01-12 12:31:00.000,523.4,1.11,96071.0,1.22,-4.68,-0.8,4.9,1,"LOW - Bz=-0.8nT (weak southward), Speed=523km/s (elevated)",2026-01-12 12:34:09
272,2026-01-12 12:35:00.000,522.4,1.41,72842.0,-0.78,-4.89,-0.53,4.98,1,"LOW - Bz=-0.5nT (weak southward), Speed=522km/s (elevated)",2026-01-12 12:44:27
273,2026-01-12 12:51:00.000,509.7,0.98,79704.0,2.46,-3.86,-1.49,4.82,1,"LOW - Bz=-1.5nT (weak southward), Speed=510km/s (elevated)",2026-01-12 12:54:45
274,2026-01-12 13:02:00.000,508.9,0.56,96437.0,1.85,-2.92,-2.24,4.12,1,"LOW - Bz=-2.2nT (weak southward), Speed=509km/s (elevated)",2026-01-12 13:05:02
275,2026-01-12 13:12:00.000,515.2,0.84,84998.0,1.56,-3.38,-1.89,4.18,1,"LOW - Bz=-1.9nT (weak southward), Speed=515km/s (elevated)",2026-01-12 13:15:20
276,2026-01-12 13:22:00.000,532.4,0.31,84397.0,0.97,-4.55,-0.77,4.72,1,"LOW - Bz=-0.8nT (weak southward), Speed=532km/s (elevated)",2026-01-12 13:25:37
277,2026-01-12 13:32:00.000,521.3,0.59,74249.0,1.28,-4.46,0.7,4.7,1,LOW - Speed=521km/s (elevated),2026-01-12 13:35:54
278,2026-01-12 13:43:00.000,511.0,1.57,124804.0,3.99,-1.6,-3.5,5.54,1,"LOW - Bz=-3.5nT (weak southward), Speed=511km/s (elevated)",2026-01-12 13:46:11
279,2026-01-12 13:52:00.000,523.5,1.7,146953.0,-2.24,-4.3,2.54,5.47,1,LOW - Speed=524km/s (elevated),2026-01-12 13:56:28
280,2026-01-12 14:03:00.000,583.2,1.2,145762.0,-3.52,-4.12,0.13,5.42,1,LOW - Speed=583km/s (elevated),2026-01-12 14:06:45
281,2026-01-12 14:13:00.000,586.7,1.01,109599.0,-3.59,-4.44,-0.83,5.77,1,"LOW - Bz=-0.8nT (weak southward), Speed=587km/s (elevated)",2026-01-12 14:17:03
282,2026-01-12 14:24:00.000,560.4,0.61,179120.0,-0.8,-4.46,0.68,4.59,1,LOW - Speed=560km/s (elevated),2026-01-12 14:27:24
283,2026-01-12 14:33:00.000,530.3,1.74,245152.0,2.49,-3.11,-1.82,4.38,1,"LOW - Bz=-1.8nT (weak southward), Speed=530km/s (elevated)",2026-01-12 14:37:46
284,2026-01-12 14:45:00.000,534.8,1.84,211332.0,2.77,-3.46,-1.79,4.78,1,"LOW - Bz=-1.8nT (weak southward), Speed=535km/s (elevated)",2026-01-12 14:48:07
285,2026-01-12 14:55:00.000,542.1,2.12,264781.0,2.43,-3.1,-1.19,4.11,1,"LOW - Bz=-1.2nT (weak southward), Speed=542km/s (elevated)",2026-01-12 14:58:28
286,2026-01-12 15:05:00.000,588.1,1.1,301778.0,-2.8,-4.05,1.89,5.28,1,LOW - Speed=588km/s (elevated),2026-01-12 15:08:49
287,2026-01-12 15:17:00.000,551.7,0.71,138117.0,-0.66,-7.34,0.25,7.38,1,LOW - Speed=552km/s (elevated),2026-01-12 15:19:10
288,2026-01-12 15:25:00.000,547.8,1.19,188450.0,0.39,-6.95,-0.74,7.0,1,"LOW - Bz=-0.7nT (weak southward), Speed=548km/s (elevated)",2026-01-12 15:29:32
289,2026-01-12 15:36:00.000,577.7,1.83,209845.0,-0.35,-6.14,-1.68,6.37,1,"LOW - Bz=-1.7nT (weak southward), Speed=578km/s (elevated)",2026-01-12 15:39:53
290,2026-01-12 15:47:00.000,608.6,5.62,445527.0,3.18,-3.89,-2.03,5.42,1,"LOW - Bz=-2.0nT (weak southward), Speed=609km/s (elevated)",2026-01-12 15:50:14
291,2026-01-12 15:57:00.000,526.2,1.65,196155.0,3.32,-2.61,-4.7,6.32,1,"LOW - Bz=-4.7nT (weak southward), Speed=526km/s (elevated)",2026-01-12 16:00:34
292,2026-01-12 16:08:00.000,505.4,3.22,99541.0,3.63,-3.76,-4.12,6.66,1,"LOW - Bz=-4.1nT (weak southward), Speed=505km/s (elevated)",2026-01-12 16:10:52
293,2026-01-12 16:16:00.000,553.3,2.24,300518.0,2.47,-3.45,-4.7,6.33,1,"LOW - Bz=-4.7nT (weak southward), Speed=553km/s (elevated)",2026-01-12 16:21:11
294,2026-01-12 16:28:00.000,549.0,2.42,350236.0,2.67,-1.37,-5.05,5.87,2,"MODERATE - Bz=-5.0nT (moderate southward), Speed=549km/s (elevated)",2026-01-12 16:31:33
295,2026-01-12 16:37:00.000,562.8,1.74,350428.0,3.16,-2.19,-4.34,5.8,1,"LOW - Bz=-4.3nT (weak southward), Speed=563km/s (elevated)",2026-01-12 16:41:55
296,2026-01-12 16:48:00.000,626.6,2.36,335972.0,-0.39,-4.76,5.38,7.2,1,LOW - Speed=627km/s (elevated),2026-01-12 16:52:16
297,2026-01-12 17:00:00.000,574.5,1.27,340213.0,-0.01,-6.95,-1.27,7.07,1,"LOW - Bz=-1.3nT (weak southward), Speed=574km/s (elevated)",2026-01-12 17:02:22
